Time,1,2,3,4,5,6,7,8,9,10,11,12,13,14,15,16,17,18,19,20,21,22,23,24,25,26,27,28,29,30,31,32,33,34,35,36,37,38,39,40,41,42,43,44,45,46,47,48,49,50,51,52,53,54,55,56,57,58,59,60,61,62,63,64,65,66,67,68,69,70,71,72,73,74,75,76,77,78,79,80,81,82,83,84,85,86,87,88,89,90,91,92,93,94,95,96,97,98,99,100,101,102,103,104,105,106,107,108,109,110,111,112,113,114,115,116,117,118,119,120
0:00:04,0.137,0.115,0.108,0.112,0.106,0.11,0.113,0.104,0.109,0.105,0.111,0.104,0.108,0.099,0.099,0.102,0.104,0.101,0.1,0.087,0.136,0.134,0.132,0.123,0.125,0.123,0.119,0.121,0.131,0.092,0.133,0.121,0.119,0.119,0.124,0.123,0.102,0.102,0.103,0.089,0.099,0.088,0.082,0.083,0.082,0.083,0.083,0.081,0.082,0.086,0.084,0.084,0.082,0.082,0.082,0.081,0.103,0.102,0.101,0.082,0.131,0.117,0.117,0.106,0.107,0.105,0.109,0.108,0.109,0.094,0.12,0.106,0.106,0.106,0.106,0.103,0.102,0.103,0.106,0.102,0.11,0.11,0.108,0.108,0.107,0.107,0.11,0.11,0.109,0.1,0.129,0.119,0.122,0.118,0.111,0.107,0.11,0.112,0.119,0.097,0.146,0.131,0.124,0.118,0.109,0.106,0.105,0.106,0.103,0.092,0.13,0.117,0.111,0.116,0.111,0.109,0.109,0.105,0.109,0.103
0:15:05,0.105,0.097,0.094,0.099,0.091,0.096,0.096,0.091,0.093,0.079,0.095,0.093,0.097,0.093,0.09,0.094,0.095,0.094,0.092,0.079,0.119,0.117,0.115,0.112,0.112,0.111,0.114,0.114,0.115,0.079,0.111,0.106,0.106,0.111,0.109,0.11,0.092,0.092,0.091,0.079,0.079,0.08,0.078,0.08,0.08,0.08,0.079,0.079,0.079,0.08,0.081,0.081,0.079,0.08,0.08,0.08,0.099,0.099,0.1,0.079,0.1,0.098,0.098,0.096,0.097,0.097,0.097,0.096,0.097,0.078,0.094,0.093,0.096,0.097,0.096,0.095,0.093,0.094,0.096,0.079,0.094,0.092,0.092,0.096,0.093,0.093,0.095,0.095,0.099,0.079,0.1,0.097,0.098,0.099,0.098,0.096,0.096,0.101,0.098,0.078,0.096,0.095,0.093,0.095,0.094,0.094,0.095,0.096,0.097,0.079,0.1,0.097,0.097,0.1,0.1,0.099,0.098,0.097,0.097,0.081
0:30:06,0.114,0.103,0.1,0.105,0.096,0.102,0.102,0.094,0.096,0.077,0.096,0.092,0.097,0.093,0.09,0.093,0.095,0.093,0.092,0.077,0.12,0.117,0.115,0.111,0.111,0.109,0.115,0.114,0.115,0.077,0.111,0.106,0.105,0.112,0.11,0.11,0.092,0.093,0.092,0.08,0.078,0.078,0.077,0.077,0.077,0.078,0.077,0.077,0.078,0.081,0.079,0.078,0.077,0.077,0.077,0.079,0.1,0.101,0.104,0.082,0.101,0.1,0.1,0.102,0.105,0.102,0.102,0.102,0.101,0.082,0.093,0.092,0.094,0.099,0.098,0.098,0.099,0.1,0.1,0.08,0.093,0.092,0.092,0.095,0.092,0.092,0.095,0.096,0.099,0.077,0.1,0.097,0.098,0.099,0.099,0.095,0.096,0.101,0.099,0.078,0.101,0.099,0.097,0.101,0.097,0.095,0.094,0.095,0.096,0.077,0.099,0.097,0.096,0.1,0.099,0.098,0.097,0.096,0.097,0.078
0:45:06,0.105,0.095,0.091,0.096,0.086,0.094,0.096,0.091,0.094,0.079,0.09,0.086,0.091,0.087,0.087,0.089,0.09,0.089,0.091,0.08,0.116,0.112,0.114,0.111,0.111,0.111,0.117,0.118,0.122,0.078,0.106,0.103,0.102,0.11,0.109,0.111,0.093,0.094,0.096,0.079,0.074,0.072,0.07,0.073,0.073,0.074,0.07,0.068,0.069,0.071,0.078,0.078,0.078,0.078,0.079,0.078,0.1,0.097,0.096,0.071,0.099,0.096,0.099,0.097,0.098,0.096,0.099,0.096,0.101,0.08,0.096,0.093,0.094,0.1,0.094,0.1,0.092,0.093,0.101,0.076,0.091,0.087,0.09,0.093,0.098,0.094,0.098,0.099,0.106,0.076,0.097,0.093,0.093,0.095,0.096,0.095,0.098,0.102,0.101,0.077,0.094,0.092,0.091,0.094,0.093,0.092,0.099,0.1,0.099,0.075,0.1,0.096,0.096,0.099,0.098,0.098,0.096,0.095,0.095,0.076
1:00:06,0.112,0.104,0.102,0.107,0.099,0.103,0.104,0.097,0.098,0.078,0.106,0.101,0.107,0.1,0.097,0.099,0.101,0.098,0.097,0.078,0.132,0.129,0.13,0.131,0.127,0.12,0.135,0.127,0.134,0.086,0.123,0.125,0.119,0.13,0.126,0.126,0.105,0.104,0.101,0.084,0.086,0.083,0.084,0.089,0.085,0.09,0.079,0.078,0.078,0.081,0.077,0.079,0.082,0.085,0.083,0.08,0.103,0.104,0.115,0.083,0.102,0.098,0.1,0.1,0.1,0.1,0.101,0.101,0.101,0.079,0.1,0.098,0.102,0.1,0.1,0.103,0.099,0.1,0.1,0.078,0.105,0.098,0.099,0.11,0.107,0.102,0.108,0.11,0.108,0.087,0.114,0.111,0.109,0.112,0.111,0.104,0.104,0.108,0.109,0.083,0.102,0.1,0.1,0.102,0.104,0.098,0.097,0.098,0.1,0.079,0.101,0.1,0.099,0.104,0.107,0.106,0.105,0.103,0.101,0.08
1:15:06,0.116,0.109,0.107,0.112,0.102,0.11,0.11,0.103,0.106,0.083,0.114,0.116,0.12,0.112,0.106,0.109,0.11,0.107,0.103,0.083,0.14,0.137,0.136,0.134,0.136,0.131,0.143,0.136,0.138,0.086,0.121,0.118,0.118,0.134,0.134,0.133,0.111,0.109,0.114,0.091,0.083,0.084,0.083,0.092,0.085,0.085,0.083,0.082,0.083,0.086,0.087,0.086,0.086,0.091,0.088,0.089,0.116,0.116,0.117,0.086,0.107,0.105,0.105,0.108,0.108,0.108,0.109,0.109,0.107,0.085,0.114,0.112,0.114,0.109,0.107,0.107,0.102,0.102,0.103,0.082,0.105,0.104,0.103,0.107,0.104,0.104,0.111,0.111,0.115,0.085,0.114,0.112,0.114,0.117,0.119,0.116,0.113,0.115,0.113,0.084,0.103,0.101,0.101,0.105,0.105,0.104,0.106,0.107,0.109,0.084,0.113,0.108,0.112,0.116,0.109,0.115,0.114,0.111,0.107,0.086
1:30:06,0.118,0.112,0.11,0.116,0.106,0.112,0.111,0.101,0.105,0.08,0.11,0.105,0.113,0.106,0.104,0.107,0.109,0.105,0.101,0.079,0.145,0.14,0.136,0.13,0.129,0.127,0.134,0.132,0.134,0.082,0.123,0.12,0.117,0.133,0.132,0.132,0.104,0.104,0.103,0.083,0.079,0.08,0.079,0.081,0.082,0.082,0.081,0.08,0.079,0.081,0.08,0.08,0.081,0.081,0.08,0.078,0.11,0.114,0.118,0.083,0.113,0.107,0.114,0.106,0.11,0.111,0.111,0.106,0.102,0.079,0.106,0.106,0.112,0.113,0.11,0.105,0.101,0.101,0.101,0.078,0.104,0.103,0.102,0.107,0.103,0.102,0.108,0.109,0.113,0.08,0.114,0.111,0.111,0.115,0.114,0.109,0.111,0.113,0.114,0.08,0.107,0.104,0.105,0.107,0.108,0.105,0.105,0.112,0.111,0.083,0.107,0.104,0.108,0.114,0.116,0.11,0.111,0.112,0.107,0.09
1:45:05,0.119,0.116,0.116,0.127,0.116,0.123,0.118,0.106,0.11,0.079,0.113,0.11,0.119,0.112,0.108,0.113,0.115,0.11,0.106,0.079,0.159,0.155,0.155,0.146,0.146,0.143,0.15,0.146,0.149,0.087,0.136,0.124,0.125,0.143,0.137,0.136,0.11,0.113,0.116,0.089,0.081,0.08,0.079,0.08,0.08,0.08,0.079,0.078,0.077,0.079,0.08,0.078,0.077,0.078,0.078,0.079,0.115,0.116,0.118,0.078,0.105,0.103,0.104,0.104,0.103,0.102,0.102,0.105,0.103,0.079,0.11,0.109,0.113,0.105,0.103,0.102,0.098,0.099,0.103,0.078,0.113,0.107,0.105,0.11,0.111,0.11,0.115,0.114,0.117,0.079,0.124,0.123,0.124,0.124,0.125,0.115,0.114,0.119,0.12,0.088,0.1,0.102,0.102,0.106,0.104,0.103,0.099,0.1,0.103,0.08,0.108,0.103,0.1,0.108,0.107,0.105,0.103,0.104,0.103,0.082
2:00:05,0.12,0.119,0.119,0.131,0.119,0.125,0.123,0.109,0.114,0.079,0.113,0.112,0.125,0.116,0.114,0.117,0.119,0.115,0.11,0.079,0.161,0.157,0.153,0.146,0.143,0.142,0.154,0.147,0.152,0.083,0.129,0.125,0.127,0.155,0.15,0.143,0.116,0.116,0.114,0.087,0.086,0.08,0.079,0.08,0.08,0.08,0.08,0.079,0.079,0.08,0.081,0.082,0.08,0.081,0.08,0.079,0.12,0.122,0.125,0.08,0.108,0.106,0.108,0.105,0.105,0.108,0.108,0.109,0.102,0.077,0.119,0.116,0.121,0.108,0.105,0.105,0.101,0.102,0.102,0.078,0.114,0.111,0.111,0.117,0.111,0.111,0.118,0.118,0.123,0.08,0.126,0.125,0.122,0.128,0.127,0.122,0.124,0.127,0.127,0.084,0.114,0.109,0.108,0.105,0.107,0.108,0.105,0.105,0.115,0.088,0.111,0.106,0.112,0.117,0.113,0.114,0.108,0.106,0.108,0.086
2:15:05,0.12,0.124,0.127,0.14,0.127,0.137,0.131,0.111,0.118,0.077,0.117,0.116,0.132,0.122,0.118,0.121,0.123,0.117,0.115,0.08,0.162,0.159,0.154,0.148,0.146,0.143,0.152,0.149,0.152,0.079,0.122,0.118,0.118,0.152,0.146,0.145,0.115,0.113,0.111,0.077,0.076,0.076,0.075,0.076,0.076,0.075,0.074,0.073,0.073,0.075,0.08,0.078,0.076,0.076,0.077,0.076,0.121,0.123,0.126,0.073,0.11,0.102,0.111,0.107,0.102,0.11,0.11,0.106,0.106,0.076,0.113,0.112,0.118,0.102,0.1,0.098,0.095,0.101,0.106,0.072,0.117,0.115,0.117,0.129,0.123,0.12,0.125,0.124,0.133,0.082,0.133,0.125,0.126,0.135,0.134,0.127,0.131,0.126,0.13,0.085,0.1,0.099,0.101,0.103,0.097,0.095,0.097,0.101,0.108,0.081,0.109,0.104,0.104,0.108,0.109,0.109,0.106,0.104,0.103,0.08
2:30:06,0.123,0.13,0.134,0.15,0.133,0.144,0.135,0.118,0.126,0.081,0.115,0.118,0.136,0.125,0.123,0.124,0.132,0.125,0.117,0.075,0.17,0.17,0.165,0.154,0.153,0.15,0.161,0.161,0.162,0.077,0.122,0.12,0.119,0.161,0.156,0.155,0.126,0.121,0.117,0.077,0.08,0.083,0.081,0.08,0.076,0.078,0.078,0.078,0.076,0.08,0.087,0.084,0.079,0.079,0.076,0.077,0.132,0.129,0.136,0.076,0.105,0.106,0.107,0.106,0.107,0.11,0.106,0.107,0.104,0.076,0.123,0.12,0.13,0.105,0.104,0.106,0.1,0.1,0.102,0.076,0.117,0.113,0.114,0.124,0.117,0.117,0.122,0.123,0.128,0.079,0.132,0.128,0.127,0.133,0.133,0.126,0.129,0.133,0.132,0.076,0.096,0.099,0.1,0.104,0.1,0.1,0.098,0.099,0.1,0.075,0.105,0.1,0.1,0.108,0.104,0.103,0.106,0.1,0.102,0.078
2:45:05,0.128,0.137,0.143,0.162,0.144,0.154,0.148,0.126,0.133,0.078,0.122,0.129,0.151,0.139,0.133,0.137,0.141,0.13,0.124,0.078,0.19,0.189,0.181,0.17,0.167,0.164,0.177,0.177,0.174,0.083,0.133,0.129,0.129,0.179,0.17,0.169,0.135,0.135,0.133,0.082,0.08,0.081,0.079,0.08,0.079,0.08,0.078,0.078,0.078,0.082,0.083,0.084,0.081,0.084,0.081,0.081,0.142,0.144,0.151,0.082,0.103,0.1,0.105,0.106,0.104,0.104,0.103,0.104,0.105,0.075,0.131,0.127,0.135,0.107,0.106,0.106,0.1,0.1,0.104,0.077,0.123,0.119,0.12,0.13,0.124,0.124,0.133,0.134,0.139,0.077,0.139,0.137,0.138,0.144,0.142,0.135,0.138,0.143,0.144,0.078,0.103,0.103,0.103,0.107,0.102,0.103,0.106,0.106,0.113,0.084,0.114,0.109,0.109,0.114,0.111,0.11,0.111,0.109,0.109,0.083
3:00:05,0.131,0.145,0.153,0.175,0.156,0.166,0.161,0.137,0.143,0.082,0.124,0.135,0.162,0.148,0.149,0.151,0.152,0.14,0.134,0.083,0.196,0.194,0.188,0.175,0.172,0.168,0.189,0.184,0.185,0.079,0.12,0.119,0.12,0.183,0.176,0.168,0.139,0.133,0.131,0.075,0.073,0.072,0.072,0.074,0.072,0.071,0.071,0.07,0.069,0.069,0.074,0.073,0.072,0.073,0.072,0.071,0.138,0.14,0.145,0.069,0.104,0.104,0.107,0.107,0.106,0.106,0.106,0.107,0.105,0.077,0.137,0.133,0.143,0.109,0.107,0.107,0.102,0.104,0.105,0.079,0.135,0.129,0.129,0.143,0.129,0.133,0.141,0.141,0.148,0.083,0.15,0.146,0.144,0.151,0.149,0.143,0.146,0.154,0.154,0.076,0.099,0.096,0.098,0.104,0.1,0.096,0.1,0.102,0.104,0.071,0.099,0.101,0.099,0.105,0.101,0.104,0.1,0.097,0.098,0.072
3:15:05,0.134,0.155,0.164,0.189,0.17,0.18,0.174,0.145,0.155,0.08,0.135,0.147,0.175,0.162,0.156,0.159,0.164,0.153,0.144,0.081,0.211,0.21,0.205,0.191,0.189,0.187,0.202,0.197,0.198,0.081,0.13,0.13,0.128,0.201,0.195,0.188,0.159,0.149,0.146,0.082,0.082,0.086,0.085,0.086,0.086,0.085,0.085,0.085,0.082,0.084,0.083,0.081,0.08,0.084,0.082,0.081,0.158,0.162,0.166,0.083,0.11,0.11,0.113,0.114,0.112,0.113,0.113,0.113,0.112,0.084,0.149,0.145,0.16,0.119,0.115,0.118,0.113,0.111,0.115,0.086,0.148,0.141,0.136,0.154,0.145,0.142,0.159,0.158,0.162,0.079,0.161,0.163,0.164,0.167,0.17,0.153,0.156,0.166,0.163,0.074,0.102,0.101,0.1,0.104,0.102,0.1,0.103,0.105,0.107,0.079,0.108,0.107,0.106,0.11,0.106,0.109,0.108,0.107,0.105,0.08
3:30:06,0.138,0.167,0.177,0.204,0.183,0.192,0.185,0.156,0.165,0.078,0.144,0.157,0.189,0.174,0.167,0.17,0.174,0.161,0.152,0.078,0.226,0.226,0.222,0.206,0.202,0.201,0.216,0.212,0.212,0.082,0.133,0.132,0.131,0.218,0.211,0.204,0.175,0.161,0.157,0.081,0.084,0.084,0.08,0.082,0.083,0.083,0.083,0.084,0.087,0.084,0.084,0.083,0.084,0.083,0.086,0.083,0.173,0.18,0.183,0.084,0.109,0.113,0.116,0.116,0.111,0.109,0.114,0.115,0.11,0.079,0.152,0.149,0.164,0.117,0.113,0.113,0.108,0.108,0.113,0.083,0.155,0.148,0.145,0.158,0.147,0.145,0.165,0.168,0.174,0.082,0.178,0.166,0.165,0.175,0.174,0.166,0.17,0.176,0.181,0.082,0.099,0.099,0.099,0.104,0.103,0.103,0.102,0.104,0.107,0.078,0.108,0.108,0.109,0.115,0.109,0.113,0.11,0.113,0.108,0.079
3:45:05,0.141,0.175,0.189,0.218,0.199,0.208,0.203,0.169,0.181,0.08,0.151,0.168,0.202,0.188,0.18,0.183,0.186,0.177,0.168,0.08,0.247,0.247,0.24,0.223,0.219,0.214,0.229,0.229,0.229,0.08,0.137,0.136,0.137,0.235,0.229,0.218,0.189,0.179,0.169,0.085,0.081,0.081,0.081,0.083,0.083,0.081,0.085,0.084,0.084,0.086,0.086,0.084,0.08,0.084,0.084,0.085,0.182,0.191,0.197,0.083,0.105,0.107,0.111,0.114,0.114,0.116,0.115,0.11,0.114,0.083,0.163,0.163,0.179,0.112,0.108,0.112,0.106,0.108,0.109,0.081,0.154,0.149,0.151,0.168,0.157,0.155,0.17,0.173,0.181,0.076,0.178,0.176,0.174,0.186,0.184,0.174,0.18,0.188,0.187,0.076,0.102,0.102,0.104,0.107,0.106,0.104,0.106,0.108,0.11,0.079,0.108,0.107,0.107,0.111,0.106,0.11,0.109,0.108,0.108,0.08
4:00:05,0.139,0.185,0.198,0.223,0.206,0.216,0.209,0.176,0.19,0.074,0.154,0.174,0.209,0.197,0.189,0.192,0.197,0.185,0.173,0.075,0.256,0.261,0.253,0.232,0.23,0.225,0.24,0.237,0.239,0.075,0.13,0.129,0.129,0.246,0.238,0.222,0.195,0.181,0.176,0.076,0.077,0.076,0.075,0.077,0.076,0.076,0.076,0.076,0.076,0.077,0.073,0.076,0.076,0.076,0.078,0.077,0.192,0.201,0.202,0.077,0.104,0.104,0.108,0.11,0.109,0.107,0.108,0.108,0.107,0.075,0.17,0.167,0.188,0.111,0.108,0.108,0.103,0.1,0.105,0.074,0.166,0.16,0.159,0.179,0.17,0.169,0.188,0.188,0.197,0.076,0.193,0.192,0.191,0.205,0.204,0.191,0.198,0.209,0.207,0.077,0.1,0.097,0.102,0.11,0.107,0.099,0.104,0.108,0.109,0.079,0.109,0.104,0.102,0.115,0.107,0.11,0.111,0.11,0.108,0.078
4:15:05,0.158,0.208,0.22,0.252,0.231,0.241,0.235,0.201,0.21,0.08,0.177,0.198,0.231,0.218,0.21,0.213,0.217,0.205,0.193,0.079,0.282,0.288,0.279,0.259,0.255,0.25,0.266,0.264,0.266,0.083,0.136,0.137,0.136,0.275,0.265,0.247,0.22,0.199,0.196,0.082,0.083,0.083,0.082,0.083,0.085,0.084,0.083,0.083,0.081,0.084,0.084,0.084,0.083,0.083,0.083,0.084,0.216,0.224,0.227,0.083,0.113,0.115,0.118,0.121,0.118,0.121,0.114,0.115,0.12,0.086,0.193,0.191,0.211,0.12,0.124,0.121,0.116,0.115,0.119,0.086,0.184,0.18,0.178,0.202,0.192,0.192,0.211,0.215,0.229,0.09,0.217,0.215,0.213,0.228,0.224,0.211,0.217,0.229,0.229,0.082,0.104,0.102,0.103,0.11,0.11,0.108,0.111,0.115,0.112,0.081,0.111,0.106,0.112,0.118,0.114,0.113,0.113,0.114,0.112,0.084
4:30:05,0.154,0.214,0.229,0.259,0.241,0.249,0.243,0.209,0.223,0.076,0.178,0.203,0.238,0.229,0.218,0.22,0.225,0.214,0.203,0.076,0.299,0.307,0.295,0.273,0.268,0.262,0.279,0.276,0.277,0.077,0.132,0.133,0.132,0.29,0.28,0.257,0.228,0.205,0.201,0.076,0.077,0.078,0.076,0.077,0.077,0.077,0.076,0.075,0.075,0.077,0.078,0.078,0.076,0.077,0.078,0.076,0.228,0.234,0.239,0.076,0.104,0.107,0.111,0.113,0.112,0.112,0.111,0.112,0.109,0.075,0.199,0.198,0.223,0.114,0.111,0.112,0.107,0.106,0.106,0.075,0.193,0.187,0.184,0.213,0.2,0.198,0.221,0.221,0.235,0.077,0.229,0.228,0.225,0.245,0.24,0.23,0.235,0.241,0.243,0.078,0.099,0.1,0.103,0.108,0.107,0.105,0.107,0.112,0.112,0.08,0.109,0.107,0.109,0.115,0.11,0.112,0.11,0.111,0.116,0.084
4:45:05,0.167,0.239,0.25,0.279,0.26,0.269,0.263,0.229,0.244,0.079,0.198,0.225,0.258,0.245,0.234,0.235,0.244,0.233,0.223,0.079,0.331,0.333,0.319,0.297,0.292,0.287,0.304,0.301,0.303,0.08,0.136,0.136,0.135,0.313,0.303,0.286,0.249,0.221,0.219,0.08,0.081,0.081,0.08,0.082,0.08,0.082,0.081,0.08,0.081,0.083,0.08,0.078,0.077,0.081,0.082,0.082,0.253,0.26,0.265,0.081,0.108,0.111,0.116,0.12,0.117,0.119,0.118,0.115,0.114,0.079,0.221,0.219,0.25,0.121,0.116,0.12,0.115,0.113,0.117,0.079,0.21,0.204,0.202,0.235,0.219,0.218,0.246,0.246,0.26,0.08,0.249,0.251,0.251,0.271,0.267,0.251,0.258,0.264,0.267,0.079,0.1,0.101,0.104,0.111,0.107,0.106,0.109,0.113,0.115,0.08,0.111,0.106,0.106,0.113,0.11,0.114,0.115,0.114,0.111,0.081
5:00:05,0.174,0.261,0.27,0.294,0.274,0.285,0.281,0.249,0.263,0.075,0.215,0.238,0.27,0.26,0.249,0.254,0.261,0.251,0.238,0.075,0.362,0.361,0.344,0.319,0.313,0.308,0.326,0.327,0.325,0.081,0.139,0.144,0.144,0.335,0.323,0.312,0.268,0.24,0.229,0.077,0.084,0.084,0.081,0.084,0.08,0.084,0.082,0.081,0.082,0.082,0.083,0.083,0.083,0.082,0.08,0.08,0.275,0.282,0.286,0.08,0.104,0.107,0.112,0.115,0.114,0.114,0.113,0.114,0.113,0.075,0.237,0.237,0.27,0.12,0.116,0.118,0.112,0.111,0.114,0.076,0.224,0.226,0.222,0.255,0.242,0.238,0.267,0.268,0.278,0.074,0.27,0.271,0.273,0.295,0.292,0.274,0.281,0.287,0.285,0.076,0.104,0.1,0.103,0.107,0.107,0.106,0.11,0.113,0.115,0.078,0.107,0.105,0.106,0.113,0.108,0.11,0.113,0.119,0.116,0.081
5:15:05,0.175,0.28,0.291,0.317,0.299,0.306,0.301,0.271,0.285,0.083,0.23,0.268,0.297,0.284,0.272,0.275,0.281,0.269,0.264,0.083,0.39,0.388,0.373,0.349,0.34,0.337,0.348,0.347,0.348,0.079,0.136,0.139,0.142,0.362,0.348,0.345,0.294,0.255,0.253,0.084,0.082,0.083,0.08,0.081,0.083,0.081,0.081,0.08,0.08,0.084,0.09,0.087,0.086,0.087,0.085,0.086,0.304,0.312,0.313,0.084,0.106,0.106,0.111,0.117,0.116,0.117,0.116,0.117,0.116,0.079,0.261,0.26,0.298,0.121,0.115,0.117,0.114,0.112,0.117,0.079,0.249,0.244,0.247,0.284,0.265,0.262,0.288,0.293,0.309,0.082,0.296,0.294,0.301,0.322,0.314,0.298,0.309,0.318,0.32,0.083,0.101,0.097,0.095,0.102,0.106,0.107,0.112,0.114,0.113,0.077,0.106,0.105,0.107,0.111,0.109,0.109,0.112,0.112,0.11,0.078
5:30:05,0.18,0.306,0.311,0.339,0.318,0.326,0.319,0.288,0.294,0.073,0.251,0.284,0.307,0.293,0.286,0.288,0.294,0.285,0.28,0.077,0.415,0.414,0.392,0.362,0.357,0.355,0.369,0.37,0.37,0.073,0.13,0.134,0.137,0.385,0.368,0.358,0.302,0.263,0.261,0.077,0.076,0.074,0.073,0.075,0.075,0.075,0.074,0.073,0.072,0.073,0.073,0.073,0.072,0.073,0.073,0.073,0.32,0.328,0.332,0.072,0.097,0.098,0.102,0.108,0.107,0.109,0.107,0.109,0.106,0.068,0.273,0.271,0.315,0.111,0.104,0.109,0.104,0.102,0.105,0.068,0.265,0.256,0.256,0.298,0.28,0.273,0.307,0.31,0.326,0.069,0.318,0.318,0.318,0.344,0.338,0.317,0.326,0.333,0.336,0.068,0.093,0.091,0.092,0.096,0.098,0.097,0.1,0.106,0.108,0.072,0.102,0.1,0.102,0.106,0.103,0.104,0.107,0.11,0.106,0.074
5:45:06,0.192,0.323,0.329,0.352,0.333,0.343,0.339,0.309,0.323,0.081,0.265,0.297,0.325,0.312,0.298,0.301,0.31,0.305,0.298,0.081,0.452,0.448,0.425,0.4,0.39,0.389,0.4,0.402,0.401,0.074,0.135,0.139,0.142,0.42,0.399,0.393,0.321,0.277,0.275,0.074,0.076,0.074,0.069,0.072,0.072,0.072,0.073,0.071,0.071,0.073,0.074,0.074,0.073,0.074,0.076,0.074,0.351,0.36,0.363,0.073,0.103,0.103,0.107,0.113,0.113,0.114,0.113,0.113,0.112,0.073,0.305,0.303,0.353,0.117,0.11,0.116,0.111,0.109,0.111,0.072,0.301,0.29,0.291,0.337,0.317,0.31,0.346,0.351,0.365,0.078,0.359,0.36,0.359,0.386,0.38,0.355,0.367,0.373,0.374,0.079,0.104,0.102,0.1,0.11,0.109,0.1,0.106,0.111,0.116,0.078,0.109,0.107,0.106,0.111,0.11,0.11,0.114,0.116,0.112,0.079
6:00:05,0.198,0.339,0.342,0.371,0.354,0.364,0.358,0.328,0.342,0.082,0.29,0.316,0.349,0.337,0.322,0.324,0.331,0.324,0.317,0.082,0.497,0.485,0.463,0.437,0.422,0.423,0.431,0.44,0.439,0.084,0.139,0.146,0.148,0.447,0.431,0.442,0.345,0.297,0.297,0.079,0.076,0.076,0.075,0.075,0.076,0.077,0.076,0.075,0.075,0.077,0.08,0.076,0.074,0.073,0.074,0.074,0.385,0.396,0.396,0.076,0.108,0.109,0.114,0.122,0.122,0.124,0.12,0.121,0.118,0.077,0.332,0.336,0.387,0.12,0.112,0.119,0.114,0.11,0.115,0.077,0.326,0.316,0.317,0.371,0.344,0.34,0.375,0.379,0.398,0.075,0.394,0.391,0.393,0.419,0.412,0.384,0.401,0.405,0.409,0.077,0.1,0.099,0.099,0.105,0.107,0.103,0.107,0.111,0.115,0.076,0.104,0.102,0.1,0.109,0.105,0.106,0.11,0.115,0.111,0.077
6:15:05,0.211,0.363,0.366,0.393,0.375,0.381,0.375,0.347,0.359,0.078,0.311,0.333,0.364,0.351,0.337,0.342,0.347,0.336,0.33,0.077,0.538,0.525,0.498,0.466,0.451,0.457,0.463,0.468,0.467,0.081,0.144,0.15,0.152,0.485,0.466,0.477,0.364,0.313,0.312,0.083,0.08,0.079,0.079,0.079,0.08,0.08,0.08,0.079,0.078,0.079,0.081,0.081,0.08,0.08,0.08,0.08,0.422,0.43,0.434,0.08,0.11,0.11,0.114,0.12,0.12,0.122,0.118,0.119,0.118,0.077,0.365,0.367,0.422,0.122,0.114,0.12,0.113,0.116,0.119,0.079,0.36,0.346,0.346,0.408,0.378,0.372,0.407,0.414,0.43,0.076,0.433,0.43,0.431,0.455,0.447,0.42,0.435,0.436,0.443,0.076,0.098,0.095,0.096,0.102,0.104,0.102,0.107,0.111,0.115,0.077,0.105,0.102,0.103,0.11,0.105,0.107,0.113,0.116,0.111,0.077
6:30:05,0.221,0.382,0.382,0.412,0.39,0.399,0.393,0.363,0.375,0.078,0.329,0.349,0.381,0.367,0.352,0.358,0.364,0.353,0.346,0.078,0.574,0.56,0.533,0.5,0.486,0.489,0.495,0.505,0.502,0.081,0.14,0.146,0.15,0.516,0.494,0.515,0.377,0.325,0.324,0.078,0.08,0.079,0.078,0.08,0.08,0.081,0.081,0.081,0.081,0.083,0.087,0.086,0.084,0.083,0.084,0.083,0.46,0.469,0.47,0.081,0.114,0.117,0.121,0.13,0.128,0.128,0.126,0.127,0.124,0.08,0.405,0.404,0.463,0.128,0.118,0.124,0.125,0.12,0.124,0.084,0.408,0.393,0.39,0.459,0.423,0.419,0.45,0.454,0.475,0.082,0.489,0.486,0.484,0.504,0.497,0.462,0.479,0.481,0.491,0.085,0.101,0.099,0.1,0.107,0.107,0.106,0.111,0.115,0.119,0.08,0.11,0.108,0.108,0.114,0.109,0.11,0.116,0.121,0.116,0.081
6:45:05,0.232,0.403,0.403,0.433,0.414,0.421,0.416,0.386,0.397,0.078,0.354,0.371,0.403,0.39,0.373,0.379,0.382,0.371,0.366,0.079,0.617,0.599,0.57,0.541,0.519,0.52,0.524,0.536,0.532,0.077,0.142,0.15,0.153,0.552,0.528,0.558,0.398,0.342,0.342,0.078,0.075,0.075,0.073,0.075,0.075,0.075,0.074,0.074,0.073,0.076,0.076,0.076,0.074,0.077,0.076,0.076,0.486,0.495,0.495,0.074,0.105,0.106,0.11,0.118,0.118,0.12,0.118,0.117,0.115,0.076,0.428,0.431,0.491,0.121,0.112,0.12,0.116,0.112,0.117,0.076,0.438,0.42,0.416,0.488,0.449,0.446,0.478,0.481,0.499,0.076,0.517,0.515,0.516,0.534,0.525,0.492,0.509,0.513,0.516,0.077,0.104,0.101,0.101,0.109,0.11,0.11,0.11,0.119,0.124,0.083,0.103,0.1,0.102,0.114,0.11,0.111,0.117,0.119,0.116,0.081
7:00:05,0.244,0.42,0.419,0.451,0.433,0.441,0.435,0.405,0.416,0.078,0.375,0.386,0.419,0.407,0.388,0.395,0.401,0.39,0.384,0.08,0.657,0.635,0.603,0.574,0.551,0.554,0.557,0.569,0.567,0.077,0.141,0.146,0.152,0.585,0.561,0.596,0.411,0.355,0.354,0.075,0.074,0.073,0.072,0.074,0.073,0.074,0.073,0.073,0.073,0.074,0.078,0.077,0.075,0.076,0.076,0.075,0.527,0.534,0.535,0.074,0.108,0.108,0.112,0.12,0.118,0.122,0.118,0.119,0.116,0.077,0.469,0.474,0.535,0.125,0.115,0.123,0.118,0.114,0.118,0.076,0.485,0.464,0.46,0.532,0.493,0.493,0.515,0.522,0.537,0.077,0.566,0.56,0.557,0.581,0.571,0.528,0.543,0.551,0.553,0.077,0.103,0.096,0.098,0.104,0.105,0.105,0.11,0.113,0.117,0.08,0.107,0.105,0.106,0.109,0.103,0.109,0.114,0.119,0.113,0.078
7:15:05,0.255,0.443,0.442,0.471,0.452,0.461,0.451,0.418,0.43,0.076,0.391,0.398,0.432,0.423,0.409,0.413,0.423,0.409,0.402,0.077,0.703,0.683,0.645,0.612,0.591,0.593,0.597,0.607,0.603,0.075,0.144,0.153,0.158,0.635,0.608,0.641,0.433,0.379,0.378,0.082,0.084,0.083,0.082,0.082,0.082,0.083,0.08,0.078,0.078,0.081,0.081,0.081,0.08,0.08,0.081,0.08,0.579,0.583,0.585,0.082,0.108,0.109,0.113,0.122,0.122,0.126,0.122,0.124,0.121,0.082,0.506,0.515,0.576,0.124,0.119,0.127,0.123,0.12,0.124,0.082,0.516,0.496,0.495,0.556,0.523,0.524,0.546,0.555,0.574,0.079,0.606,0.596,0.594,0.612,0.605,0.565,0.581,0.592,0.595,0.076,0.098,0.095,0.096,0.102,0.104,0.103,0.105,0.109,0.113,0.074,0.103,0.1,0.1,0.107,0.103,0.104,0.11,0.115,0.109,0.075
7:30:06,0.258,0.459,0.457,0.483,0.466,0.479,0.473,0.443,0.452,0.078,0.413,0.416,0.449,0.439,0.423,0.431,0.437,0.425,0.419,0.077,0.743,0.721,0.686,0.65,0.628,0.632,0.63,0.64,0.64,0.078,0.141,0.149,0.157,0.671,0.642,0.669,0.447,0.385,0.386,0.076,0.074,0.075,0.074,0.074,0.073,0.074,0.074,0.073,0.073,0.075,0.072,0.072,0.072,0.073,0.072,0.076,0.614,0.609,0.623,0.076,0.099,0.102,0.106,0.115,0.113,0.115,0.11,0.111,0.109,0.068,0.541,0.54,0.601,0.114,0.104,0.113,0.11,0.106,0.111,0.068,0.557,0.531,0.527,0.598,0.556,0.548,0.583,0.593,0.615,0.069,0.647,0.636,0.628,0.654,0.644,0.608,0.619,0.63,0.636,0.074,0.102,0.097,0.1,0.107,0.1,0.099,0.103,0.112,0.12,0.081,0.099,0.098,0.098,0.104,0.1,0.102,0.108,0.113,0.107,0.078
7:45:06,0.272,0.48,0.474,0.506,0.488,0.498,0.489,0.46,0.471,0.077,0.435,0.435,0.475,0.46,0.442,0.452,0.455,0.442,0.436,0.079,0.789,0.768,0.737,0.697,0.678,0.678,0.674,0.689,0.69,0.079,0.148,0.157,0.164,0.72,0.693,0.718,0.466,0.409,0.408,0.08,0.077,0.078,0.074,0.076,0.076,0.077,0.076,0.073,0.073,0.075,0.075,0.077,0.075,0.076,0.074,0.074,0.659,0.659,0.668,0.074,0.106,0.103,0.11,0.119,0.117,0.121,0.115,0.117,0.115,0.073,0.594,0.585,0.646,0.118,0.108,0.117,0.115,0.111,0.116,0.073,0.607,0.581,0.565,0.637,0.597,0.589,0.631,0.641,0.663,0.069,0.698,0.686,0.68,0.702,0.69,0.654,0.67,0.678,0.686,0.071,0.097,0.095,0.097,0.104,0.104,0.103,0.108,0.114,0.12,0.081,0.105,0.1,0.099,0.107,0.105,0.108,0.117,0.122,0.113,0.081
8:00:06,0.279,0.492,0.487,0.521,0.502,0.511,0.504,0.47,0.479,0.071,0.447,0.449,0.485,0.471,0.455,0.466,0.469,0.455,0.446,0.073,0.813,0.804,0.77,0.73,0.708,0.709,0.703,0.721,0.718,0.068,0.141,0.15,0.158,0.759,0.729,0.745,0.476,0.418,0.414,0.071,0.072,0.072,0.068,0.072,0.069,0.069,0.069,0.068,0.068,0.069,0.069,0.069,0.069,0.071,0.069,0.069,0.702,0.701,0.71,0.068,0.099,0.099,0.105,0.115,0.115,0.119,0.113,0.114,0.111,0.069,0.635,0.626,0.693,0.119,0.107,0.118,0.115,0.11,0.115,0.069,0.647,0.622,0.607,0.679,0.636,0.629,0.673,0.684,0.708,0.067,0.74,0.727,0.717,0.75,0.743,0.699,0.712,0.725,0.736,0.075,0.099,0.096,0.098,0.105,0.103,0.099,0.105,0.112,0.118,0.076,0.104,0.1,0.099,0.106,0.103,0.105,0.114,0.12,0.114,0.079
8:15:06,0.296,0.518,0.511,0.547,0.528,0.537,0.527,0.492,0.502,0.077,0.478,0.472,0.509,0.496,0.476,0.487,0.492,0.475,0.467,0.078,0.864,0.86,0.827,0.783,0.763,0.763,0.759,0.774,0.774,0.083,0.156,0.168,0.176,0.819,0.793,0.795,0.512,0.455,0.446,0.091,0.087,0.088,0.088,0.085,0.082,0.084,0.088,0.09,0.086,0.086,0.084,0.082,0.088,0.087,0.085,0.081,0.758,0.761,0.771,0.088,0.108,0.11,0.116,0.13,0.129,0.133,0.127,0.13,0.124,0.083,0.69,0.679,0.745,0.128,0.12,0.13,0.126,0.123,0.127,0.084,0.705,0.677,0.663,0.734,0.692,0.686,0.73,0.741,0.768,0.079,0.799,0.782,0.771,0.81,0.804,0.758,0.768,0.78,0.79,0.081,0.099,0.096,0.097,0.103,0.104,0.103,0.107,0.113,0.118,0.076,0.103,0.103,0.103,0.109,0.103,0.105,0.111,0.117,0.112,0.077
8:30:06,0.315,0.542,0.529,0.567,0.549,0.563,0.554,0.518,0.53,0.088,0.504,0.492,0.531,0.523,0.501,0.511,0.514,0.495,0.485,0.082,0.893,0.892,0.854,0.814,0.793,0.793,0.794,0.816,0.811,0.084,0.154,0.165,0.172,0.847,0.815,0.818,0.52,0.455,0.452,0.079,0.082,0.082,0.081,0.082,0.08,0.08,0.08,0.079,0.078,0.081,0.084,0.083,0.081,0.081,0.082,0.082,0.804,0.805,0.814,0.081,0.113,0.115,0.118,0.13,0.128,0.133,0.124,0.125,0.118,0.075,0.723,0.721,0.784,0.125,0.113,0.123,0.12,0.118,0.122,0.075,0.747,0.72,0.707,0.779,0.74,0.73,0.777,0.787,0.821,0.078,0.837,0.829,0.813,0.858,0.857,0.806,0.812,0.829,0.836,0.076,0.1,0.097,0.098,0.103,0.104,0.102,0.106,0.112,0.117,0.076,0.105,0.103,0.104,0.111,0.107,0.108,0.115,0.122,0.114,0.078
8:45:06,0.327,0.559,0.548,0.587,0.567,0.577,0.569,0.531,0.538,0.08,0.524,0.511,0.551,0.538,0.518,0.531,0.535,0.514,0.503,0.081,0.928,0.94,0.9,0.854,0.829,0.829,0.832,0.843,0.839,0.08,0.162,0.173,0.177,0.886,0.853,0.856,0.545,0.475,0.471,0.082,0.084,0.085,0.082,0.083,0.085,0.085,0.084,0.079,0.079,0.081,0.083,0.082,0.08,0.082,0.084,0.08,0.845,0.846,0.854,0.079,0.111,0.112,0.119,0.133,0.131,0.134,0.126,0.128,0.122,0.08,0.755,0.764,0.821,0.127,0.117,0.129,0.125,0.12,0.125,0.08,0.791,0.759,0.749,0.816,0.782,0.771,0.817,0.826,0.854,0.079,0.869,0.865,0.861,0.898,0.899,0.847,0.855,0.868,0.874,0.077,0.1,0.097,0.098,0.104,0.105,0.104,0.109,0.114,0.119,0.076,0.102,0.101,0.102,0.112,0.106,0.108,0.114,0.122,0.115,0.077
9:00:06,0.341,0.581,0.568,0.608,0.588,0.6,0.591,0.551,0.558,0.079,0.543,0.524,0.567,0.555,0.533,0.549,0.551,0.531,0.52,0.079,0.951,0.969,0.928,0.879,0.858,0.854,0.86,0.874,0.873,0.08,0.157,0.169,0.179,0.923,0.888,0.88,0.565,0.492,0.488,0.081,0.081,0.082,0.081,0.083,0.082,0.083,0.082,0.08,0.081,0.082,0.084,0.083,0.079,0.08,0.082,0.081,0.885,0.886,0.892,0.081,0.112,0.114,0.121,0.135,0.133,0.136,0.127,0.13,0.125,0.082,0.795,0.804,0.862,0.134,0.123,0.132,0.128,0.125,0.131,0.083,0.838,0.807,0.795,0.86,0.831,0.818,0.864,0.874,0.895,0.082,0.908,0.905,0.903,0.94,0.942,0.897,0.896,0.914,0.919,0.084,0.104,0.1,0.102,0.107,0.107,0.107,0.11,0.116,0.12,0.077,0.103,0.103,0.104,0.111,0.106,0.109,0.117,0.124,0.117,0.079
9:15:06,0.349,0.598,0.586,0.627,0.606,0.616,0.609,0.571,0.579,0.078,0.565,0.545,0.588,0.577,0.553,0.57,0.573,0.553,0.54,0.081,0.977,0.998,0.956,0.906,0.889,0.884,0.891,0.902,0.902,0.074,0.159,0.172,0.18,0.953,0.916,0.902,0.581,0.505,0.5,0.075,0.079,0.082,0.077,0.078,0.079,0.078,0.079,0.078,0.076,0.077,0.077,0.079,0.078,0.078,0.078,0.077,0.924,0.925,0.927,0.078,0.113,0.115,0.118,0.132,0.13,0.137,0.13,0.129,0.124,0.08,0.817,0.827,0.883,0.12,0.109,0.12,0.122,0.117,0.124,0.077,0.865,0.833,0.82,0.88,0.859,0.847,0.89,0.895,0.919,0.072,0.929,0.926,0.921,0.955,0.96,0.92,0.915,0.933,0.935,0.071,0.095,0.092,0.094,0.1,0.102,0.1,0.104,0.11,0.115,0.072,0.1,0.1,0.099,0.107,0.1,0.102,0.11,0.117,0.111,0.073
9:30:06,0.362,0.62,0.608,0.649,0.629,0.639,0.631,0.591,0.595,0.078,0.589,0.562,0.607,0.596,0.574,0.59,0.59,0.569,0.556,0.078,1.006,1.032,0.993,0.942,0.924,0.918,0.928,0.937,0.938,0.082,0.166,0.18,0.188,0.99,0.959,0.935,0.608,0.531,0.525,0.082,0.083,0.082,0.082,0.082,0.081,0.082,0.082,0.08,0.081,0.083,0.081,0.081,0.08,0.08,0.08,0.08,0.964,0.966,0.967,0.082,0.113,0.118,0.123,0.137,0.134,0.138,0.128,0.129,0.125,0.08,0.86,0.87,0.925,0.132,0.12,0.131,0.13,0.124,0.13,0.079,0.901,0.873,0.86,0.915,0.898,0.885,0.932,0.936,0.958,0.079,0.963,0.96,0.955,0.991,0.993,0.959,0.955,0.972,0.975,0.082,0.106,0.101,0.101,0.108,0.11,0.11,0.115,0.119,0.126,0.079,0.108,0.108,0.106,0.114,0.107,0.111,0.118,0.126,0.119,0.08
9:45:05,0.374,0.642,0.627,0.666,0.646,0.656,0.646,0.606,0.612,0.074,0.608,0.579,0.624,0.613,0.589,0.608,0.609,0.587,0.571,0.075,1.022,1.06,1.024,0.975,0.963,0.952,0.965,0.966,0.967,0.079,0.162,0.178,0.189,1.02,0.99,0.961,0.627,0.549,0.541,0.081,0.08,0.079,0.078,0.08,0.08,0.077,0.077,0.076,0.076,0.078,0.079,0.079,0.079,0.082,0.082,0.082,1,1.002,0.999,0.079,0.109,0.111,0.118,0.132,0.13,0.135,0.124,0.125,0.119,0.076,0.882,0.892,0.944,0.126,0.114,0.124,0.125,0.12,0.127,0.076,0.922,0.895,0.882,0.935,0.92,0.901,0.954,0.957,0.979,0.074,0.98,0.98,0.976,1.006,1.01,0.978,0.974,0.99,0.994,0.076,0.097,0.095,0.097,0.103,0.106,0.104,0.109,0.115,0.12,0.076,0.1,0.1,0.101,0.109,0.104,0.106,0.114,0.122,0.114,0.077
10:00:05,0.384,0.665,0.652,0.69,0.673,0.682,0.675,0.636,0.641,0.082,0.632,0.599,0.643,0.637,0.618,0.635,0.634,0.612,0.597,0.081,1.05,1.092,1.054,1.002,0.991,0.979,0.993,0.995,0.997,0.078,0.175,0.187,0.197,1.054,1.028,0.989,0.648,0.565,0.556,0.078,0.079,0.079,0.076,0.077,0.076,0.077,0.076,0.075,0.074,0.076,0.077,0.076,0.075,0.075,0.076,0.075,1.032,1.034,1.032,0.075,0.11,0.113,0.119,0.134,0.132,0.136,0.123,0.125,0.119,0.076,0.914,0.92,0.968,0.13,0.117,0.126,0.127,0.121,0.128,0.075,0.951,0.922,0.911,0.956,0.947,0.927,0.975,0.979,1.002,0.077,1.004,1,0.991,1.022,1.026,0.999,0.995,1.008,1.014,0.074,0.1,0.097,0.099,0.105,0.107,0.106,0.11,0.116,0.122,0.078,0.108,0.108,0.108,0.116,0.11,0.111,0.118,0.126,0.118,0.08
10:15:06,0.391,0.682,0.671,0.71,0.693,0.7,0.694,0.654,0.66,0.078,0.652,0.618,0.662,0.653,0.63,0.651,0.651,0.629,0.613,0.079,1.066,1.112,1.078,1.026,1.018,1.004,1.02,1.022,1.022,0.075,0.17,0.184,0.193,1.08,1.052,1.01,0.662,0.583,0.574,0.076,0.078,0.077,0.075,0.078,0.078,0.078,0.077,0.076,0.077,0.078,0.08,0.079,0.078,0.079,0.079,0.078,1.066,1.07,1.068,0.078,0.114,0.116,0.121,0.137,0.134,0.138,0.125,0.127,0.121,0.079,0.945,0.955,0.996,0.132,0.12,0.129,0.131,0.126,0.131,0.077,0.984,0.955,0.943,0.988,0.977,0.96,1.004,1.008,1.03,0.08,1.028,1.03,1.02,1.046,1.052,1.026,1.022,1.038,1.042,0.081,0.105,0.101,0.103,0.11,0.112,0.111,0.115,0.121,0.126,0.079,0.11,0.11,0.11,0.118,0.113,0.115,0.121,0.129,0.12,0.081
10:30:05,0.401,0.705,0.693,0.729,0.713,0.721,0.717,0.673,0.677,0.078,0.675,0.638,0.681,0.672,0.653,0.675,0.674,0.648,0.632,0.079,1.088,1.137,1.104,1.05,1.044,1.026,1.05,1.044,1.046,0.078,0.173,0.186,0.196,1.114,1.082,1.036,0.684,0.599,0.589,0.074,0.076,0.076,0.074,0.075,0.075,0.075,0.075,0.075,0.076,0.079,0.079,0.078,0.077,0.078,0.079,0.077,1.1,1.104,1.104,0.079,0.112,0.115,0.12,0.134,0.131,0.137,0.122,0.127,0.123,0.083,0.967,0.974,1.008,0.127,0.115,0.123,0.125,0.12,0.129,0.076,1.004,0.974,0.961,1.004,0.996,0.978,1.022,1.022,1.044,0.074,1.044,1.046,1.034,1.06,1.064,1.044,1.04,1.054,1.054,0.077,0.096,0.094,0.096,0.103,0.106,0.105,0.109,0.115,0.12,0.076,0.103,0.105,0.105,0.112,0.105,0.108,0.115,0.124,0.115,0.077
10:45:05,0.401,0.722,0.711,0.744,0.727,0.731,0.729,0.694,0.696,0.075,0.697,0.657,0.698,0.69,0.666,0.687,0.686,0.661,0.644,0.074,1.102,1.157,1.127,1.074,1.068,1.052,1.076,1.072,1.072,0.071,0.172,0.188,0.197,1.135,1.108,1.05,0.696,0.616,0.607,0.072,0.076,0.076,0.074,0.076,0.075,0.076,0.077,0.076,0.074,0.075,0.079,0.08,0.077,0.078,0.079,0.078,1.125,1.135,1.127,0.076,0.111,0.112,0.117,0.134,0.131,0.136,0.12,0.123,0.116,0.074,0.99,0.999,1.028,0.128,0.117,0.125,0.128,0.123,0.131,0.074,1.024,0.993,0.982,1.018,1.014,0.997,1.04,1.042,1.066,0.076,1.058,1.062,1.054,1.074,1.082,1.056,1.054,1.068,1.072,0.074,0.102,0.097,0.095,0.1,0.103,0.102,0.106,0.111,0.117,0.073,0.099,0.102,0.101,0.108,0.104,0.105,0.112,0.12,0.112,0.073
11:00:05,0.399,0.743,0.734,0.762,0.749,0.751,0.751,0.714,0.72,0.081,0.722,0.68,0.723,0.714,0.689,0.714,0.714,0.689,0.671,0.082,1.122,1.183,1.155,1.098,1.104,1.084,1.112,1.102,1.106,0.081,0.178,0.194,0.204,1.165,1.137,1.074,0.721,0.64,0.628,0.077,0.079,0.079,0.077,0.079,0.079,0.079,0.079,0.078,0.079,0.08,0.084,0.083,0.082,0.082,0.082,0.081,1.153,1.165,1.155,0.079,0.12,0.124,0.13,0.146,0.144,0.148,0.132,0.135,0.127,0.083,1.018,1.03,1.058,0.141,0.129,0.137,0.141,0.134,0.142,0.083,1.052,1.02,1.008,1.04,1.046,1.026,1.072,1.074,1.092,0.086,1.084,1.088,1.08,1.098,1.108,1.09,1.084,1.096,1.096,0.085,0.11,0.107,0.109,0.116,0.119,0.117,0.12,0.129,0.129,0.083,0.105,0.109,0.112,0.121,0.114,0.116,0.124,0.132,0.124,0.084
11:15:05,0.401,0.758,0.746,0.77,0.762,0.765,0.768,0.734,0.739,0.082,0.74,0.696,0.736,0.729,0.706,0.734,0.731,0.705,0.688,0.079,1.135,1.207,1.177,1.116,1.122,1.1,1.131,1.12,1.125,0.08,0.181,0.199,0.209,1.191,1.163,1.094,0.739,0.659,0.65,0.081,0.081,0.082,0.081,0.082,0.081,0.082,0.082,0.078,0.078,0.081,0.08,0.079,0.079,0.08,0.082,0.081,1.173,1.193,1.177,0.081,0.116,0.12,0.124,0.142,0.138,0.142,0.124,0.126,0.121,0.078,1.026,1.034,1.06,0.131,0.121,0.129,0.132,0.128,0.136,0.078,1.052,1.024,1.018,1.052,1.058,1.038,1.08,1.08,1.1,0.08,1.084,1.092,1.086,1.104,1.11,1.096,1.084,1.096,1.1,0.076,0.1,0.098,0.099,0.104,0.105,0.104,0.107,0.114,0.121,0.076,0.1,0.104,0.103,0.112,0.106,0.108,0.116,0.123,0.115,0.076
11:30:05,0.401,0.771,0.763,0.782,0.774,0.776,0.778,0.747,0.754,0.078,0.754,0.711,0.748,0.744,0.722,0.746,0.744,0.72,0.704,0.077,1.14,1.217,1.191,1.128,1.14,1.118,1.151,1.136,1.138,0.076,0.182,0.199,0.209,1.211,1.185,1.108,0.75,0.678,0.667,0.08,0.083,0.083,0.082,0.083,0.083,0.083,0.083,0.082,0.083,0.083,0.086,0.084,0.083,0.083,0.084,0.084,1.194,1.22,1.198,0.082,0.12,0.124,0.131,0.148,0.144,0.151,0.134,0.133,0.125,0.084,1.047,1.057,1.08,0.139,0.131,0.136,0.141,0.137,0.147,0.087,1.078,1.05,1.039,1.073,1.08,1.06,1.101,1.098,1.118,0.083,1.103,1.11,1.101,1.121,1.125,1.112,1.105,1.116,1.118,0.081,0.106,0.103,0.105,0.111,0.115,0.113,0.116,0.122,0.13,0.082,0.108,0.109,0.109,0.116,0.11,0.112,0.121,0.131,0.122,0.084
11:45:05,0.401,0.785,0.778,0.798,0.791,0.792,0.793,0.766,0.773,0.081,0.771,0.73,0.767,0.762,0.74,0.765,0.76,0.739,0.723,0.08,1.157,1.243,1.217,1.151,1.169,1.145,1.179,1.165,1.169,0.081,0.19,0.208,0.218,1.235,1.205,1.123,0.765,0.698,0.687,0.082,0.084,0.081,0.081,0.081,0.08,0.081,0.08,0.078,0.079,0.083,0.082,0.081,0.079,0.082,0.083,0.082,1.215,1.237,1.219,0.082,0.118,0.123,0.127,0.145,0.141,0.146,0.124,0.127,0.122,0.08,1.054,1.068,1.088,0.135,0.125,0.132,0.136,0.13,0.14,0.08,1.082,1.058,1.046,1.072,1.084,1.062,1.106,1.106,1.124,0.079,1.108,1.114,1.11,1.125,1.133,1.123,1.114,1.127,1.125,0.08,0.104,0.1,0.101,0.107,0.11,0.109,0.112,0.117,0.124,0.079,0.105,0.107,0.107,0.114,0.108,0.11,0.119,0.126,0.118,0.08
12:00:05,0.399,0.797,0.79,0.806,0.8,0.802,0.803,0.776,0.782,0.076,0.785,0.742,0.772,0.766,0.748,0.772,0.767,0.75,0.735,0.078,1.159,1.245,1.227,1.159,1.179,1.154,1.194,1.176,1.181,0.077,0.187,0.204,0.213,1.247,1.224,1.136,0.771,0.71,0.698,0.078,0.08,0.08,0.077,0.08,0.08,0.08,0.08,0.079,0.078,0.078,0.083,0.081,0.078,0.078,0.077,0.076,1.228,1.255,1.236,0.077,0.113,0.117,0.123,0.141,0.136,0.142,0.12,0.124,0.118,0.076,1.066,1.077,1.094,0.13,0.121,0.127,0.132,0.127,0.137,0.075,1.095,1.07,1.056,1.078,1.093,1.075,1.119,1.115,1.134,0.078,1.116,1.124,1.123,1.136,1.139,1.131,1.125,1.139,1.136,0.08,0.1,0.097,0.098,0.103,0.108,0.107,0.11,0.116,0.123,0.078,0.104,0.106,0.105,0.114,0.108,0.11,0.117,0.125,0.117,0.079
12:15:05,0.387,0.814,0.807,0.821,0.818,0.816,0.819,0.796,0.8,0.079,0.803,0.763,0.788,0.785,0.763,0.788,0.781,0.765,0.753,0.08,1.149,1.256,1.243,1.175,1.197,1.173,1.215,1.197,1.205,0.081,0.193,0.211,0.221,1.266,1.242,1.147,0.796,0.727,0.714,0.082,0.084,0.084,0.082,0.084,0.084,0.084,0.083,0.083,0.083,0.085,0.085,0.086,0.086,0.087,0.087,0.086,1.256,1.278,1.266,0.085,0.122,0.127,0.133,0.153,0.15,0.154,0.131,0.136,0.129,0.085,1.07,1.088,1.104,0.141,0.132,0.137,0.141,0.137,0.148,0.085,1.092,1.076,1.066,1.084,1.11,1.09,1.137,1.139,1.163,0.083,1.114,1.119,1.122,1.141,1.145,1.143,1.125,1.149,1.151,0.079,0.103,0.099,0.1,0.105,0.109,0.107,0.112,0.118,0.125,0.081,0.105,0.107,0.108,0.116,0.11,0.113,0.121,0.129,0.12,0.083
12:30:05,0.38,0.825,0.821,0.831,0.832,0.829,0.834,0.811,0.819,0.082,0.808,0.776,0.8,0.797,0.775,0.801,0.795,0.781,0.77,0.083,1.137,1.254,1.248,1.185,1.215,1.189,1.231,1.219,1.229,0.083,0.193,0.213,0.225,1.27,1.25,1.137,0.794,0.738,0.726,0.078,0.081,0.08,0.078,0.079,0.078,0.079,0.078,0.078,0.079,0.079,0.08,0.081,0.08,0.081,0.081,0.08,1.256,1.29,1.276,0.079,0.115,0.121,0.126,0.144,0.141,0.145,0.122,0.126,0.121,0.078,1.066,1.08,1.094,0.135,0.125,0.131,0.136,0.13,0.141,0.078,1.078,1.064,1.054,1.066,1.102,1.076,1.139,1.139,1.165,0.077,1.11,1.104,1.108,1.129,1.135,1.141,1.123,1.157,1.159,0.078,0.102,0.098,0.098,0.103,0.106,0.105,0.106,0.112,0.122,0.08,0.098,0.101,0.101,0.107,0.104,0.106,0.114,0.124,0.116,0.081
12:45:05,0.381,0.83,0.831,0.843,0.843,0.838,0.843,0.811,0.824,0.078,0.808,0.79,0.811,0.809,0.787,0.812,0.805,0.79,0.779,0.08,1.149,1.256,1.254,1.185,1.221,1.193,1.243,1.225,1.237,0.079,0.194,0.214,0.225,1.282,1.266,1.161,0.793,0.748,0.738,0.08,0.081,0.08,0.079,0.081,0.081,0.081,0.081,0.08,0.081,0.081,0.082,0.081,0.081,0.082,0.082,0.082,1.262,1.304,1.286,0.081,0.116,0.123,0.128,0.146,0.142,0.146,0.123,0.127,0.121,0.077,1.096,1.1,1.112,0.134,0.125,0.13,0.135,0.13,0.142,0.077,1.108,1.088,1.078,1.088,1.118,1.092,1.151,1.147,1.173,0.078,1.131,1.133,1.127,1.139,1.147,1.147,1.133,1.163,1.165,0.076,0.099,0.095,0.095,0.1,0.103,0.101,0.105,0.11,0.119,0.076,0.097,0.101,0.101,0.107,0.103,0.106,0.113,0.121,0.113,0.078
13:00:05,0.375,0.842,0.842,0.852,0.853,0.847,0.854,0.826,0.838,0.081,0.821,0.8,0.822,0.82,0.797,0.824,0.816,0.803,0.792,0.082,1.169,1.278,1.276,1.209,1.247,1.217,1.264,1.248,1.258,0.08,0.196,0.215,0.227,1.296,1.28,1.175,0.795,0.766,0.755,0.081,0.083,0.083,0.08,0.082,0.082,0.082,0.082,0.08,0.081,0.081,0.085,0.084,0.081,0.081,0.081,0.08,1.278,1.322,1.306,0.08,0.121,0.126,0.131,0.149,0.145,0.15,0.127,0.129,0.124,0.081,1.122,1.129,1.137,0.137,0.127,0.133,0.139,0.134,0.144,0.08,1.133,1.11,1.1,1.106,1.135,1.11,1.167,1.165,1.189,0.08,1.141,1.157,1.149,1.161,1.167,1.165,1.147,1.181,1.183,0.08,0.105,0.1,0.099,0.104,0.107,0.105,0.11,0.116,0.125,0.083,0.101,0.106,0.106,0.113,0.108,0.111,0.12,0.13,0.121,0.086
13:15:05,0.363,0.849,0.849,0.855,0.859,0.853,0.861,0.836,0.847,0.075,0.821,0.802,0.819,0.817,0.795,0.821,0.813,0.801,0.792,0.073,1.151,1.275,1.281,1.217,1.256,1.23,1.274,1.259,1.272,0.074,0.191,0.212,0.224,1.303,1.293,1.176,0.807,0.765,0.755,0.077,0.076,0.077,0.076,0.077,0.078,0.078,0.078,0.076,0.076,0.079,0.075,0.075,0.074,0.076,0.079,0.082,1.297,1.336,1.324,0.079,0.115,0.122,0.128,0.147,0.144,0.149,0.124,0.128,0.122,0.075,1.114,1.131,1.142,0.133,0.123,0.131,0.138,0.132,0.141,0.076,1.122,1.108,1.098,1.107,1.149,1.125,1.184,1.182,1.208,0.08,1.128,1.148,1.147,1.165,1.173,1.172,1.151,1.192,1.196,0.077,0.099,0.095,0.096,0.103,0.105,0.104,0.108,0.114,0.122,0.079,0.096,0.099,0.1,0.108,0.103,0.107,0.112,0.121,0.114,0.079
13:30:05,0.36,0.858,0.862,0.866,0.87,0.863,0.873,0.85,0.863,0.082,0.817,0.821,0.833,0.835,0.813,0.84,0.831,0.822,0.813,0.081,1.143,1.27,1.282,1.219,1.266,1.235,1.288,1.27,1.288,0.078,0.195,0.217,0.231,1.31,1.302,1.167,0.809,0.779,0.769,0.08,0.084,0.083,0.081,0.083,0.082,0.08,0.079,0.079,0.08,0.081,0.089,0.087,0.087,0.087,0.086,0.084,1.302,1.349,1.336,0.082,0.118,0.126,0.132,0.151,0.147,0.152,0.126,0.129,0.124,0.079,1.104,1.127,1.139,0.138,0.129,0.135,0.142,0.137,0.145,0.079,1.117,1.106,1.094,1.104,1.143,1.117,1.183,1.185,1.213,0.079,1.125,1.137,1.139,1.159,1.167,1.171,1.151,1.197,1.197,0.079,0.102,0.096,0.097,0.102,0.105,0.105,0.109,0.114,0.123,0.081,0.097,0.101,0.102,0.109,0.105,0.108,0.114,0.123,0.116,0.08
13:45:05,0.356,0.858,0.874,0.877,0.88,0.873,0.885,0.854,0.867,0.076,0.797,0.833,0.842,0.843,0.82,0.845,0.834,0.823,0.816,0.076,1.139,1.258,1.28,1.215,1.268,1.237,1.298,1.276,1.296,0.081,0.203,0.223,0.231,1.308,1.306,1.153,0.787,0.79,0.78,0.08,0.075,0.076,0.074,0.076,0.076,0.077,0.077,0.077,0.076,0.079,0.082,0.082,0.08,0.079,0.078,0.079,1.296,1.352,1.34,0.078,0.115,0.123,0.129,0.147,0.142,0.148,0.121,0.124,0.119,0.074,1.096,1.12,1.127,0.134,0.125,0.131,0.137,0.132,0.14,0.074,1.1,1.094,1.082,1.088,1.141,1.106,1.183,1.191,1.221,0.076,1.114,1.119,1.125,1.147,1.159,1.167,1.145,1.199,1.203,0.078,0.1,0.096,0.096,0.102,0.104,0.102,0.106,0.111,0.12,0.08,0.097,0.107,0.107,0.113,0.109,0.111,0.114,0.122,0.114,0.081
14:00:05,0.346,0.85,0.87,0.875,0.88,0.873,0.882,0.844,0.866,0.067,0.787,0.833,0.84,0.843,0.819,0.844,0.833,0.822,0.816,0.068,1.143,1.248,1.27,1.207,1.26,1.229,1.296,1.27,1.288,0.067,0.189,0.21,0.221,1.298,1.298,1.159,0.768,0.786,0.776,0.068,0.069,0.069,0.068,0.067,0.066,0.066,0.065,0.062,0.062,0.064,0.065,0.064,0.063,0.064,0.064,0.064,1.276,1.34,1.324,0.063,0.102,0.11,0.117,0.135,0.132,0.137,0.111,0.113,0.108,0.063,1.119,1.137,1.139,0.123,0.114,0.119,0.125,0.121,0.129,0.063,1.121,1.106,1.098,1.096,1.143,1.108,1.175,1.181,1.211,0.065,1.123,1.143,1.143,1.153,1.163,1.163,1.143,1.191,1.191,0.062,0.084,0.081,0.082,0.087,0.088,0.086,0.09,0.094,0.105,0.064,0.083,0.088,0.087,0.093,0.088,0.092,0.098,0.105,0.098,0.065
14:15:05,0.341,0.864,0.889,0.891,0.897,0.889,0.9,0.866,0.889,0.077,0.786,0.855,0.86,0.862,0.838,0.863,0.852,0.842,0.838,0.077,1.139,1.256,1.288,1.227,1.292,1.254,1.324,1.298,1.318,0.08,0.201,0.223,0.235,1.32,1.322,1.169,0.779,0.809,0.799,0.082,0.082,0.082,0.082,0.082,0.08,0.078,0.078,0.076,0.076,0.078,0.084,0.083,0.082,0.081,0.081,0.08,1.312,1.369,1.359,0.077,0.117,0.126,0.132,0.153,0.149,0.155,0.126,0.131,0.124,0.078,1.114,1.143,1.153,0.137,0.128,0.133,0.141,0.136,0.145,0.078,1.114,1.114,1.108,1.106,1.161,1.123,1.203,1.209,1.243,0.081,1.118,1.135,1.143,1.161,1.169,1.181,1.155,1.213,1.213,0.077,0.098,0.093,0.092,0.097,0.098,0.096,0.1,0.104,0.114,0.074,0.095,0.099,0.099,0.105,0.101,0.104,0.109,0.116,0.109,0.076
14:30:05,0.341,0.846,0.893,0.898,0.906,0.896,0.909,0.872,0.9,0.079,0.752,0.867,0.87,0.873,0.848,0.874,0.863,0.852,0.849,0.08,1.133,1.248,1.284,1.223,1.296,1.256,1.334,1.312,1.334,0.08,0.202,0.225,0.239,1.318,1.326,1.157,0.762,0.815,0.805,0.08,0.081,0.082,0.081,0.082,0.084,0.085,0.084,0.084,0.084,0.085,0.085,0.084,0.083,0.084,0.085,0.087,1.302,1.379,1.363,0.085,0.123,0.132,0.14,0.16,0.156,0.163,0.135,0.132,0.127,0.081,1.11,1.139,1.143,0.14,0.133,0.142,0.149,0.143,0.15,0.082,1.1,1.102,1.098,1.102,1.159,1.122,1.205,1.209,1.25,0.083,1.11,1.119,1.127,1.149,1.159,1.177,1.151,1.215,1.221,0.087,0.106,0.103,0.102,0.107,0.106,0.106,0.11,0.114,0.123,0.081,0.102,0.106,0.108,0.113,0.109,0.111,0.116,0.121,0.115,0.082
14:45:05,0.336,0.83,0.895,0.903,0.913,0.903,0.918,0.874,0.909,0.084,0.726,0.873,0.875,0.879,0.856,0.886,0.873,0.865,0.862,0.082,1.125,1.231,1.268,1.219,1.291,1.254,1.338,1.31,1.334,0.078,0.199,0.224,0.236,1.309,1.323,1.152,0.734,0.827,0.816,0.081,0.086,0.084,0.08,0.079,0.077,0.077,0.076,0.074,0.073,0.075,0.079,0.08,0.079,0.079,0.078,0.078,1.292,1.374,1.359,0.075,0.121,0.127,0.131,0.15,0.147,0.154,0.127,0.129,0.126,0.08,1.112,1.139,1.142,0.139,0.129,0.135,0.144,0.141,0.148,0.079,1.094,1.096,1.089,1.091,1.152,1.112,1.204,1.209,1.254,0.08,1.11,1.11,1.122,1.137,1.148,1.166,1.141,1.21,1.216,0.077,0.1,0.097,0.096,0.1,0.1,0.098,0.1,0.106,0.117,0.079,0.098,0.102,0.1,0.109,0.103,0.108,0.111,0.116,0.11,0.08
15:00:05,0.329,0.818,0.884,0.904,0.911,0.904,0.917,0.861,0.905,0.076,0.728,0.884,0.887,0.887,0.864,0.889,0.876,0.867,0.863,0.077,1.147,1.249,1.284,1.228,1.296,1.257,1.344,1.313,1.339,0.076,0.204,0.227,0.24,1.319,1.334,1.184,0.73,0.835,0.823,0.08,0.081,0.081,0.08,0.081,0.082,0.077,0.076,0.076,0.075,0.077,0.079,0.078,0.077,0.077,0.078,0.078,1.292,1.38,1.362,0.077,0.116,0.125,0.131,0.151,0.148,0.156,0.129,0.129,0.124,0.078,1.159,1.185,1.182,0.139,0.13,0.138,0.144,0.139,0.148,0.078,1.146,1.134,1.125,1.123,1.176,1.131,1.214,1.218,1.254,0.081,1.123,1.165,1.164,1.169,1.177,1.185,1.16,1.223,1.23,0.075,0.097,0.092,0.091,0.097,0.098,0.096,0.098,0.102,0.111,0.075,0.093,0.098,0.098,0.1,0.099,0.1,0.104,0.112,0.108,0.076
15:15:05,0.328,0.838,0.904,0.915,0.925,0.909,0.924,0.874,0.914,0.075,0.724,0.889,0.885,0.886,0.863,0.89,0.877,0.87,0.868,0.075,1.136,1.261,1.304,1.244,1.32,1.276,1.361,1.336,1.362,0.078,0.201,0.229,0.242,1.331,1.348,1.182,0.739,0.833,0.821,0.076,0.075,0.075,0.074,0.075,0.075,0.075,0.075,0.074,0.074,0.076,0.078,0.077,0.076,0.077,0.076,0.075,1.304,1.392,1.376,0.075,0.114,0.121,0.129,0.148,0.145,0.152,0.125,0.127,0.122,0.074,1.132,1.176,1.177,0.136,0.126,0.133,0.143,0.137,0.145,0.074,1.126,1.125,1.114,1.11,1.173,1.134,1.223,1.229,1.267,0.073,1.106,1.145,1.152,1.165,1.176,1.188,1.163,1.232,1.24,0.074,0.094,0.089,0.088,0.092,0.094,0.093,0.097,0.1,0.11,0.073,0.089,0.095,0.095,0.1,0.098,0.102,0.105,0.112,0.107,0.074
15:30:05,0.324,0.833,0.905,0.922,0.935,0.921,0.936,0.883,0.928,0.081,0.722,0.902,0.895,0.898,0.876,0.901,0.889,0.88,0.879,0.081,1.123,1.25,1.298,1.24,1.319,1.277,1.369,1.343,1.371,0.078,0.199,0.226,0.24,1.333,1.353,1.179,0.74,0.841,0.83,0.079,0.079,0.079,0.079,0.078,0.078,0.078,0.077,0.076,0.076,0.077,0.08,0.08,0.079,0.079,0.079,0.079,1.309,1.401,1.383,0.077,0.119,0.123,0.129,0.149,0.146,0.153,0.125,0.127,0.122,0.074,1.119,1.168,1.17,0.137,0.127,0.133,0.143,0.137,0.145,0.075,1.11,1.117,1.106,1.1,1.171,1.129,1.225,1.232,1.273,0.075,1.1,1.126,1.138,1.155,1.165,1.183,1.16,1.232,1.242,0.077,0.099,0.095,0.094,0.099,0.1,0.097,0.101,0.104,0.112,0.075,0.093,0.099,0.098,0.103,0.101,0.103,0.107,0.113,0.107,0.076
15:45:05,0.322,0.82,0.898,0.926,0.937,0.925,0.94,0.878,0.928,0.077,0.71,0.906,0.898,0.901,0.878,0.903,0.891,0.884,0.884,0.077,1.126,1.255,1.308,1.249,1.335,1.289,1.384,1.362,1.389,0.077,0.204,0.231,0.243,1.341,1.362,1.189,0.744,0.847,0.836,0.079,0.077,0.078,0.076,0.078,0.078,0.078,0.077,0.076,0.078,0.079,0.083,0.082,0.081,0.081,0.08,0.079,1.307,1.406,1.387,0.08,0.114,0.123,0.131,0.153,0.15,0.157,0.127,0.13,0.124,0.074,1.124,1.173,1.178,0.139,0.13,0.136,0.145,0.139,0.146,0.074,1.111,1.115,1.109,1.104,1.171,1.127,1.229,1.237,1.276,0.077,1.106,1.126,1.137,1.153,1.163,1.182,1.162,1.234,1.245,0.075,0.099,0.094,0.093,0.098,0.1,0.098,0.1,0.106,0.115,0.078,0.094,0.1,0.099,0.105,0.102,0.106,0.109,0.115,0.11,0.079
16:00:05,0.321,0.819,0.898,0.933,0.938,0.929,0.945,0.874,0.931,0.08,0.715,0.914,0.91,0.912,0.891,0.92,0.907,0.899,0.896,0.081,1.14,1.27,1.315,1.25,1.334,1.285,1.381,1.353,1.384,0.078,0.204,0.231,0.246,1.351,1.367,1.204,0.729,0.857,0.848,0.079,0.083,0.083,0.076,0.078,0.077,0.077,0.077,0.077,0.078,0.078,0.083,0.081,0.079,0.079,0.08,0.08,1.309,1.407,1.387,0.077,0.117,0.126,0.135,0.154,0.152,0.16,0.13,0.132,0.125,0.077,1.163,1.221,1.212,0.141,0.131,0.137,0.147,0.14,0.148,0.077,1.16,1.152,1.145,1.132,1.19,1.145,1.234,1.25,1.284,0.077,1.103,1.177,1.18,1.18,1.187,1.196,1.174,1.244,1.254,0.076,0.101,0.097,0.095,0.1,0.101,0.099,0.101,0.107,0.113,0.076,0.095,0.098,0.097,0.1,0.098,0.103,0.108,0.114,0.108,0.077
16:15:05,0.315,0.826,0.911,0.941,0.951,0.94,0.959,0.891,0.944,0.084,0.708,0.923,0.914,0.916,0.892,0.919,0.905,0.898,0.903,0.084,1.137,1.284,1.344,1.278,1.368,1.314,1.403,1.383,1.409,0.079,0.209,0.238,0.254,1.365,1.381,1.191,0.735,0.872,0.864,0.088,0.085,0.085,0.083,0.085,0.084,0.084,0.084,0.084,0.084,0.086,0.086,0.085,0.084,0.084,0.085,0.085,1.328,1.427,1.409,0.085,0.13,0.135,0.144,0.164,0.162,0.171,0.14,0.14,0.136,0.085,1.141,1.213,1.209,0.154,0.143,0.151,0.158,0.151,0.16,0.085,1.133,1.147,1.135,1.129,1.211,1.161,1.262,1.274,1.316,0.091,1.102,1.149,1.167,1.183,1.193,1.207,1.187,1.258,1.27,0.085,0.108,0.104,0.102,0.107,0.11,0.11,0.114,0.117,0.127,0.088,0.107,0.113,0.112,0.117,0.114,0.118,0.121,0.127,0.12,0.09
16:30:05,0.311,0.816,0.906,0.946,0.955,0.945,0.965,0.89,0.948,0.084,0.698,0.933,0.925,0.929,0.904,0.931,0.917,0.911,0.911,0.084,1.127,1.276,1.342,1.28,1.379,1.328,1.419,1.401,1.427,0.087,0.208,0.238,0.251,1.362,1.381,1.175,0.721,0.871,0.863,0.084,0.08,0.078,0.078,0.077,0.077,0.078,0.078,0.077,0.078,0.079,0.078,0.078,0.077,0.078,0.078,0.079,1.318,1.425,1.405,0.078,0.118,0.127,0.136,0.158,0.156,0.161,0.132,0.134,0.129,0.079,1.127,1.191,1.191,0.143,0.132,0.139,0.15,0.144,0.151,0.078,1.114,1.133,1.127,1.119,1.199,1.145,1.252,1.262,1.304,0.078,1.104,1.129,1.151,1.171,1.181,1.199,1.179,1.256,1.264,0.079,0.1,0.095,0.095,0.1,0.1,0.099,0.103,0.107,0.115,0.078,0.092,0.097,0.097,0.101,0.098,0.102,0.105,0.113,0.106,0.077
16:45:05,0.308,0.8,0.89,0.945,0.95,0.944,0.96,0.871,0.937,0.077,0.686,0.933,0.924,0.927,0.904,0.929,0.916,0.909,0.909,0.078,1.138,1.282,1.343,1.277,1.376,1.325,1.421,1.403,1.43,0.08,0.208,0.238,0.253,1.367,1.385,1.202,0.719,0.882,0.872,0.086,0.088,0.088,0.087,0.088,0.086,0.086,0.088,0.086,0.084,0.082,0.083,0.086,0.085,0.085,0.085,0.084,1.321,1.43,1.407,0.082,0.125,0.129,0.134,0.156,0.154,0.163,0.133,0.134,0.127,0.076,1.159,1.246,1.232,0.138,0.128,0.135,0.147,0.141,0.15,0.075,1.175,1.174,1.169,1.148,1.218,1.165,1.257,1.27,1.307,0.076,1.1,1.2,1.2,1.198,1.203,1.212,1.196,1.259,1.27,0.076,0.098,0.094,0.092,0.097,0.099,0.096,0.1,0.105,0.115,0.078,0.094,0.101,0.099,0.103,0.101,0.106,0.109,0.115,0.109,0.079
17:00:05,0.305,0.807,0.907,0.955,0.961,0.952,0.97,0.886,0.951,0.078,0.666,0.939,0.929,0.933,0.908,0.935,0.92,0.914,0.916,0.079,1.104,1.264,1.33,1.266,1.375,1.322,1.421,1.399,1.423,0.075,0.203,0.233,0.247,1.372,1.395,1.179,0.729,0.878,0.866,0.077,0.076,0.076,0.075,0.075,0.074,0.075,0.075,0.073,0.073,0.076,0.077,0.075,0.073,0.073,0.073,0.076,1.32,1.435,1.419,0.075,0.115,0.123,0.132,0.154,0.151,0.16,0.127,0.132,0.128,0.075,1.118,1.205,1.203,0.141,0.13,0.137,0.148,0.141,0.15,0.075,1.114,1.145,1.133,1.118,1.213,1.153,1.268,1.28,1.32,0.075,1.102,1.143,1.161,1.181,1.193,1.213,1.185,1.264,1.276,0.072,0.095,0.09,0.09,0.093,0.095,0.094,0.097,0.101,0.11,0.073,0.088,0.094,0.094,0.098,0.096,0.1,0.102,0.109,0.104,0.074
17:15:06,0.302,0.8,0.9,0.954,0.961,0.952,0.97,0.884,0.951,0.076,0.651,0.942,0.931,0.935,0.911,0.935,0.922,0.915,0.918,0.077,1.103,1.263,1.336,1.273,1.385,1.326,1.427,1.409,1.436,0.077,0.206,0.239,0.256,1.381,1.401,1.172,0.727,0.884,0.873,0.079,0.075,0.075,0.073,0.074,0.074,0.075,0.075,0.074,0.075,0.076,0.078,0.077,0.076,0.076,0.077,0.076,1.312,1.435,1.417,0.076,0.118,0.129,0.138,0.156,0.153,0.163,0.131,0.134,0.13,0.077,1.132,1.2,1.198,0.141,0.131,0.138,0.15,0.143,0.151,0.076,1.109,1.138,1.128,1.115,1.216,1.152,1.272,1.281,1.325,0.081,1.114,1.133,1.153,1.178,1.19,1.217,1.189,1.275,1.285,0.081,0.104,0.098,0.098,0.103,0.104,0.1,0.104,0.108,0.118,0.078,0.097,0.102,0.1,0.105,0.102,0.106,0.109,0.117,0.111,0.081
17:30:06,0.302,0.801,0.907,0.967,0.973,0.964,0.981,0.891,0.962,0.079,0.637,0.953,0.943,0.945,0.923,0.945,0.932,0.924,0.925,0.079,1.11,1.268,1.345,1.284,1.405,1.347,1.443,1.431,1.457,0.077,0.209,0.241,0.258,1.387,1.407,1.173,0.723,0.89,0.881,0.081,0.087,0.076,0.078,0.085,0.085,0.086,0.086,0.076,0.073,0.075,0.083,0.086,0.086,0.088,0.084,0.083,1.318,1.445,1.431,0.081,0.109,0.117,0.127,0.15,0.148,0.16,0.137,0.146,0.14,0.083,1.143,1.207,1.205,0.148,0.138,0.143,0.156,0.15,0.157,0.083,1.108,1.131,1.119,1.098,1.201,1.133,1.264,1.27,1.316,0.068,1.118,1.125,1.147,1.173,1.183,1.213,1.185,1.276,1.29,0.075,0.099,0.097,0.098,0.104,0.103,0.095,0.1,0.106,0.114,0.075,0.087,0.092,0.093,0.098,0.095,0.099,0.102,0.109,0.105,0.076
17:45:05,0.302,0.794,0.899,0.971,0.971,0.964,0.982,0.884,0.953,0.076,0.63,0.961,0.943,0.945,0.922,0.946,0.93,0.925,0.926,0.077,1.108,1.267,1.343,1.279,1.401,1.336,1.443,1.426,1.453,0.074,0.22,0.244,0.257,1.383,1.41,1.169,0.721,0.891,0.879,0.075,0.074,0.073,0.072,0.073,0.073,0.073,0.073,0.072,0.072,0.073,0.075,0.074,0.073,0.073,0.073,0.074,1.307,1.437,1.416,0.073,0.113,0.122,0.131,0.156,0.154,0.164,0.131,0.133,0.129,0.074,1.146,1.21,1.207,0.142,0.131,0.138,0.151,0.143,0.151,0.074,1.111,1.137,1.121,1.105,1.21,1.142,1.274,1.279,1.325,0.075,1.119,1.131,1.152,1.173,1.184,1.21,1.182,1.274,1.284,0.071,0.095,0.091,0.091,0.096,0.097,0.095,0.1,0.105,0.113,0.076,0.091,0.097,0.097,0.1,0.097,0.102,0.106,0.113,0.108,0.078
18:00:05,0.297,0.786,0.896,0.972,0.975,0.969,0.989,0.887,0.962,0.078,0.609,0.958,0.946,0.949,0.926,0.95,0.937,0.931,0.934,0.078,1.096,1.262,1.344,1.286,1.413,1.347,1.453,1.435,1.463,0.081,0.211,0.245,0.261,1.391,1.417,1.179,0.737,0.899,0.889,0.081,0.087,0.086,0.08,0.082,0.082,0.082,0.082,0.082,0.082,0.085,0.089,0.087,0.082,0.081,0.081,0.081,1.318,1.449,1.433,0.086,0.119,0.129,0.138,0.163,0.164,0.176,0.147,0.15,0.14,0.084,1.157,1.221,1.223,0.152,0.142,0.15,0.162,0.154,0.162,0.085,1.114,1.143,1.124,1.108,1.219,1.149,1.286,1.29,1.34,0.083,1.119,1.139,1.157,1.179,1.185,1.211,1.183,1.274,1.288,0.08,0.103,0.096,0.094,0.099,0.101,0.1,0.103,0.108,0.116,0.078,0.099,0.105,0.108,0.119,0.12,0.117,0.115,0.117,0.111,0.079
18:15:06,0.297,0.776,0.891,0.982,0.982,0.979,0.994,0.883,0.965,0.089,0.591,0.961,0.951,0.952,0.93,0.953,0.938,0.933,0.938,0.082,1.092,1.262,1.35,1.298,1.427,1.357,1.463,1.453,1.477,0.088,0.214,0.249,0.265,1.393,1.419,1.163,0.723,0.905,0.896,0.084,0.079,0.079,0.076,0.077,0.077,0.076,0.078,0.077,0.076,0.077,0.079,0.079,0.077,0.077,0.08,0.08,1.314,1.453,1.431,0.078,0.118,0.126,0.136,0.158,0.158,0.169,0.136,0.136,0.133,0.078,1.143,1.205,1.209,0.148,0.135,0.142,0.156,0.147,0.159,0.082,1.106,1.141,1.12,1.102,1.219,1.143,1.286,1.29,1.342,0.08,1.122,1.127,1.153,1.181,1.185,1.219,1.189,1.28,1.298,0.082,0.099,0.095,0.093,0.101,0.104,0.102,0.102,0.107,0.114,0.078,0.093,0.099,0.097,0.101,0.099,0.101,0.106,0.115,0.108,0.079
18:30:06,0.297,0.766,0.882,0.984,0.981,0.981,0.998,0.882,0.964,0.079,0.572,0.964,0.955,0.959,0.937,0.961,0.948,0.942,0.946,0.079,1.092,1.26,1.349,1.288,1.425,1.351,1.463,1.443,1.47,0.079,0.214,0.25,0.267,1.399,1.425,1.163,0.727,0.908,0.898,0.079,0.079,0.079,0.078,0.079,0.079,0.079,0.079,0.077,0.077,0.079,0.08,0.079,0.079,0.079,0.08,0.079,1.314,1.453,1.433,0.079,0.117,0.126,0.136,0.159,0.159,0.169,0.135,0.136,0.134,0.077,1.147,1.203,1.211,0.144,0.133,0.142,0.155,0.147,0.156,0.076,1.102,1.137,1.114,1.096,1.215,1.137,1.288,1.282,1.344,0.077,1.131,1.125,1.147,1.175,1.173,1.215,1.179,1.272,1.292,0.076,0.097,0.093,0.092,0.096,0.098,0.097,0.101,0.106,0.114,0.077,0.091,0.097,0.096,0.099,0.098,0.102,0.106,0.113,0.108,0.079
18:45:06,0.294,0.754,0.87,0.988,0.977,0.984,0.999,0.873,0.958,0.079,0.561,0.968,0.96,0.965,0.942,0.966,0.953,0.947,0.952,0.08,1.076,1.245,1.334,1.278,1.423,1.343,1.467,1.443,1.471,0.079,0.217,0.254,0.272,1.403,1.427,1.161,0.72,0.915,0.905,0.08,0.081,0.081,0.079,0.08,0.08,0.08,0.08,0.079,0.079,0.08,0.082,0.081,0.08,0.081,0.081,0.081,1.312,1.457,1.435,0.08,0.119,0.128,0.138,0.163,0.162,0.173,0.138,0.139,0.137,0.078,1.157,1.211,1.217,0.146,0.136,0.144,0.158,0.15,0.159,0.078,1.106,1.139,1.116,1.1,1.219,1.139,1.292,1.282,1.35,0.078,1.145,1.131,1.151,1.179,1.179,1.221,1.183,1.276,1.298,0.078,0.099,0.094,0.093,0.098,0.1,0.098,0.103,0.108,0.116,0.078,0.092,0.098,0.097,0.1,0.099,0.103,0.107,0.114,0.109,0.079
19:00:06,0.295,0.744,0.861,0.992,0.977,0.989,1.002,0.867,0.958,0.079,0.543,0.965,0.962,0.967,0.946,0.969,0.957,0.952,0.955,0.079,1.076,1.248,1.344,1.284,1.437,1.358,1.474,1.459,1.481,0.079,0.219,0.256,0.275,1.405,1.431,1.153,0.722,0.917,0.907,0.08,0.081,0.08,0.079,0.08,0.08,0.08,0.079,0.078,0.079,0.08,0.082,0.081,0.08,0.08,0.081,0.08,1.308,1.455,1.433,0.08,0.119,0.128,0.137,0.163,0.163,0.174,0.139,0.14,0.138,0.078,1.151,1.203,1.209,0.146,0.136,0.144,0.158,0.15,0.159,0.078,1.094,1.131,1.108,1.092,1.209,1.133,1.292,1.282,1.352,0.078,1.163,1.125,1.147,1.175,1.177,1.223,1.179,1.28,1.3,0.078,0.099,0.094,0.093,0.098,0.1,0.098,0.103,0.109,0.117,0.079,0.092,0.098,0.097,0.1,0.099,0.103,0.107,0.114,0.109,0.08
19:15:06,0.297,0.741,0.84,0.99,0.962,0.989,0.999,0.843,0.935,0.08,0.546,0.957,0.968,0.971,0.953,0.976,0.965,0.959,0.96,0.08,1.108,1.268,1.349,1.288,1.435,1.353,1.472,1.451,1.479,0.079,0.223,0.259,0.277,1.403,1.429,1.181,0.701,0.927,0.916,0.08,0.082,0.081,0.079,0.08,0.08,0.08,0.079,0.078,0.078,0.08,0.082,0.081,0.08,0.08,0.08,0.08,1.298,1.445,1.417,0.079,0.12,0.129,0.139,0.163,0.163,0.175,0.14,0.142,0.139,0.08,1.205,1.274,1.258,0.146,0.136,0.144,0.16,0.151,0.16,0.079,1.167,1.175,1.157,1.131,1.227,1.153,1.298,1.288,1.354,0.079,1.153,1.211,1.199,1.201,1.203,1.227,1.189,1.28,1.3,0.079,0.101,0.096,0.096,0.1,0.102,0.101,0.105,0.111,0.117,0.081,0.094,0.099,0.098,0.101,0.1,0.104,0.108,0.115,0.111,0.082
19:30:06,0.294,0.768,0.858,0.996,0.97,0.993,1.002,0.85,0.938,0.079,0.511,0.967,0.971,0.975,0.954,0.979,0.965,0.961,0.964,0.08,1.102,1.292,1.365,1.3,1.441,1.359,1.474,1.451,1.476,0.08,0.225,0.262,0.281,1.413,1.435,1.193,0.706,0.931,0.921,0.08,0.082,0.082,0.08,0.081,0.081,0.081,0.081,0.08,0.08,0.081,0.082,0.082,0.08,0.081,0.081,0.081,1.326,1.457,1.437,0.081,0.12,0.13,0.138,0.164,0.164,0.177,0.142,0.143,0.141,0.08,1.167,1.31,1.292,0.146,0.137,0.145,0.162,0.153,0.162,0.08,1.183,1.201,1.183,1.157,1.254,1.177,1.316,1.306,1.37,0.08,1.177,1.242,1.227,1.223,1.223,1.244,1.211,1.296,1.314,0.08,0.1,0.095,0.095,0.099,0.101,0.1,0.104,0.111,0.117,0.08,0.094,0.098,0.097,0.1,0.098,0.103,0.107,0.114,0.109,0.081
19:45:06,0.295,0.783,0.869,1,0.974,0.998,1.006,0.855,0.944,0.079,0.481,0.968,0.974,0.977,0.959,0.982,0.97,0.965,0.966,0.079,1.086,1.302,1.374,1.31,1.453,1.377,1.481,1.465,1.485,0.079,0.227,0.265,0.285,1.423,1.441,1.201,0.721,0.935,0.925,0.08,0.081,0.081,0.079,0.08,0.08,0.08,0.08,0.079,0.079,0.08,0.082,0.081,0.079,0.08,0.081,0.08,1.338,1.459,1.445,0.08,0.119,0.128,0.137,0.163,0.164,0.176,0.14,0.142,0.14,0.078,1.125,1.326,1.304,0.143,0.134,0.142,0.16,0.151,0.16,0.077,1.173,1.213,1.195,1.163,1.264,1.183,1.322,1.308,1.371,0.077,1.215,1.252,1.24,1.235,1.234,1.254,1.223,1.308,1.324,0.076,0.097,0.092,0.092,0.097,0.098,0.097,0.102,0.109,0.115,0.077,0.09,0.095,0.094,0.097,0.095,0.099,0.104,0.111,0.106,0.078
20:00:06,0.294,0.787,0.883,1.008,0.99,1.004,1.018,0.876,0.963,0.079,0.468,0.985,0.976,0.982,0.959,0.985,0.97,0.966,0.971,0.08,1.05,1.314,1.401,1.332,1.477,1.409,1.492,1.485,1.497,0.079,0.229,0.267,0.288,1.435,1.451,1.171,0.735,0.937,0.925,0.08,0.081,0.081,0.079,0.08,0.08,0.08,0.08,0.079,0.079,0.081,0.082,0.082,0.081,0.081,0.081,0.081,1.354,1.467,1.459,0.08,0.12,0.129,0.138,0.166,0.167,0.18,0.143,0.144,0.144,0.079,1.129,1.29,1.28,0.147,0.136,0.146,0.163,0.154,0.163,0.079,1.122,1.201,1.173,1.145,1.276,1.181,1.346,1.334,1.397,0.079,1.284,1.207,1.221,1.234,1.237,1.266,1.227,1.324,1.345,0.079,0.099,0.093,0.093,0.098,0.099,0.099,0.105,0.113,0.118,0.079,0.091,0.097,0.095,0.098,0.097,0.101,0.106,0.114,0.109,0.08
20:15:06,0.295,0.77,0.871,1.01,0.989,1.008,1.02,0.87,0.96,0.079,0.459,0.986,0.979,0.986,0.963,0.986,0.974,0.969,0.974,0.079,1.038,1.286,1.387,1.31,1.474,1.401,1.493,1.486,1.497,0.08,0.231,0.271,0.293,1.441,1.453,1.149,0.739,0.938,0.926,0.079,0.081,0.08,0.079,0.08,0.08,0.08,0.08,0.079,0.079,0.08,0.082,0.081,0.081,0.081,0.081,0.08,1.343,1.469,1.459,0.08,0.12,0.129,0.138,0.167,0.169,0.183,0.145,0.146,0.146,0.079,1.137,1.25,1.245,0.147,0.137,0.146,0.164,0.156,0.164,0.079,1.08,1.169,1.131,1.108,1.26,1.151,1.336,1.324,1.393,0.079,1.322,1.157,1.185,1.213,1.219,1.256,1.209,1.322,1.342,0.078,0.099,0.093,0.093,0.097,0.099,0.099,0.104,0.113,0.117,0.079,0.092,0.098,0.096,0.099,0.097,0.101,0.106,0.114,0.108,0.08
20:30:06,0.298,0.761,0.868,1.014,0.992,1.012,1.024,0.868,0.959,0.079,0.452,0.986,0.984,0.989,0.967,0.991,0.978,0.974,0.978,0.08,1.036,1.266,1.379,1.3,1.474,1.397,1.494,1.487,1.499,0.08,0.236,0.277,0.298,1.437,1.457,1.129,0.733,0.943,0.932,0.08,0.081,0.081,0.079,0.08,0.08,0.08,0.08,0.078,0.079,0.08,0.082,0.081,0.081,0.081,0.081,0.081,1.318,1.465,1.447,0.08,0.121,0.13,0.139,0.168,0.171,0.185,0.146,0.146,0.148,0.079,1.151,1.233,1.231,0.147,0.137,0.146,0.166,0.157,0.165,0.079,1.064,1.151,1.116,1.094,1.249,1.139,1.338,1.32,1.393,0.079,1.338,1.135,1.167,1.203,1.207,1.25,1.197,1.318,1.338,0.079,0.098,0.092,0.092,0.097,0.099,0.098,0.104,0.114,0.118,0.079,0.091,0.096,0.095,0.098,0.096,0.1,0.105,0.113,0.108,0.08